<?xml version="1.0" encoding="UTF - 8"?>
<monster name="Badger" nameDescription="a Badger" race="blood" experience="5" speed="140" manacost="200">
	<health now="23" max="23" />
	<look type="105" head="0" body="0" legs="0" feet="0" corpse="4224" />
	<targetchange interval="1000" chance="0" />
	<targetstrategy nearest="100" weakest="0" mostdamage="0" random="0" />
	<flags>
		<flag summonable="1" />
		<flag attackable="1" />
		<flag hostile="1" />
		<flag illusionable="1" />
		<flag convinceable="1" />
		<flag pushable="1" />
		<flag canpushitems="0" />
		<flag canpushcreatures="0" />
		<flag targetdistance="1" />
		<flag staticattack="85" />
		<flag runonhealth="10" />
	</flags>
	<attacks>
		<attack name="melee" interval="2000" chance="0" skill="17" attack="10" />
	</attacks>
	<defenses armor="1" defense="3">
	</defenses>
	<loot>
		<item id="3577" countmax="1" chance="400" /> <!-- meat -->
	</loot>
</monster>