<?xml version="1.0" encoding="UTF - 8"?>
<monster name="Cyclops Drone" nameDescription="a cyclops drone" race="blood" experience="200" speed="220" manacost="525">
	<health now="325" max="325" />
	<look type="258" head="0" body="0" legs="0" feet="0" corpse="5237" />
	<targetchange interval="1000" chance="5" />
	<targetstrategy nearest="70" weakest="0" mostdamage="30" random="0" />
	<flags>
		<flag summonable="0" />
		<flag attackable="1" />
		<flag hostile="1" />
		<flag illusionable="0" />
		<flag convinceable="1" />
		<flag pushable="0" />
		<flag canpushitems="1" />
		<flag canpushcreatures="1" />
		<flag targetdistance="1" />
		<flag staticattack="85" />
		<flag runonhealth="75" />
	</flags>
	<attacks>
		<attack name="melee" interval="2000" chance="0" skill="60" attack="30"/>
		<attack name="physical" chance="10" range="7" min="-46" max="-74">
			<attribute key="shootEffect" value="largerock"/>
		</attack>
	</attacks>
	<defenses armor="17" defense="24">
	</defenses>
   <voices interval="5000" chance="10">
		<voice sentence="Fee! Fie! Foe! Fum!"/>
		<voice sentence="Luttl pest!"/>
		<voice sentence="Me makking you pulp!"/>
		<voice sentence="Humy tasy! Hum hum!"/>
	</voices>
	<loot>
		<item id="3413" countmax="1" chance="15" /> <!-- a battle shield -->
		<item id="3093" countmax="1" chance="1" /> <!-- a club ring -->
		<item id="3384" countmax="1" chance="2" /> <!-- a dark helmet -->
		<item id="3031" countmax="24" chance="700" /> <!-- a gold coin -->
		<item id="3031" countmax="50" chance="400" /> <!-- a gold coin -->
		<item id="3330" countmax="1" chance="7" /> <!-- a halberd -->
		<item id="3582" countmax="2" chance="200" /> <!-- ham -->
		<item id="3577" countmax="1" chance="500" /> <!-- meat -->
		<item id="3410" countmax="1" chance="20" /> <!-- a plate shield -->
		<item id="3294" countmax="1" chance="80" /> <!-- a short sword -->
		<item id="3160" countmax="1" chance="50" /> <!-- a ultimate healing rune -->
		<item id="5161" countmax="1" chance="1" /> <!-- a cyclops trophy -->
	</loot>
</monster>