<?xml version="1.0" encoding="UTF - 8"?>
<monster name="Cyclops Smith" nameDescription="a cyclops smith" race="blood" experience="255" speed="220" manacost="695">
	<health now="435" max="435" />
	<look type="257" head="0" body="0" legs="0" feet="0" corpse="5234" />
	<targetchange interval="1000" chance="5" />
	<targetstrategy nearest="70" weakest="0" mostdamage="30" random="0" />
	<flags>
		<flag summonable="0" />
		<flag attackable="1" />
		<flag hostile="1" />
		<flag illusionable="0" />
		<flag convinceable="1" />
		<flag pushable="0" />
		<flag canpushitems="1" />
		<flag canpushcreatures="1" />
		<flag targetdistance="1" />
		<flag staticattack="85" />
		<flag runonhealth="0" />
	</flags>
	<attacks>
		<attack name="melee" interval="2000" chance="0" skill="50" attack="50" />
	<attack name="physical" chance="10" range="7" min="-46" max="-74">
			<attribute key="shootEffect" value="largerock"/>
		</attack>
		<attack name="drunk" interval="1000" chance="10"/>
	</attacks>
	<defenses armor="17" defense="24">
	</defenses>
    <voices interval="5000" chance="10">
		<voice sentence="Outis emoi g' onoma."/>
		<voice sentence="Whack da humy!"/>
		<voice sentence="Ai humy phary ty kaynon"/>
	</voices>
	<loot>
		<item id="3413" countmax="1" chance="15" /> <!-- a battle shield -->
		<item id="3093" countmax="1" chance="1" /> <!-- a club ring -->
		<item id="3384" countmax="1" chance="2" /> <!-- a dark helmet -->
		<item id="3031" countmax="50" chance="700" /> <!-- a gold coin -->
		<item id="3031" countmax="69" chance="400" /> <!-- a gold coin -->
		<item id="3330" countmax="1" chance="7" /> <!-- a halberd -->
		<item id="3582" countmax="2" chance="200" /> <!-- ham -->
		<item id="3577" countmax="1" chance="500" /> <!-- meat -->
		<item id="3410" countmax="1" chance="20" /> <!-- a plate shield -->
		<item id="3294" countmax="1" chance="80" /> <!-- a short sword -->
		<item id="3012" countmax="1" chance="2" /> <!-- a wolf tooth chain -->
		<item id="5161" countmax="1" chance="1" /> <!-- a cyclops trophy -->
	</loot>
</monster>