<?xml version="1.0" encoding="UTF-8"?>
<monster name="Dromedary" nameDescription="a dromedary" race="blood" experience="0" speed="250" manacost="0">
	<health now="45" max="45" />
	<look type="230" corpse="0" />
	<targetchange interval="1000" chance="0" />
	<targetstrategy nearest="100" weakest="0" mostdamage="0" random="0" />
	<flags>
		<flag summonable="0" />
		<flag attackable="1" />
		<flag hostile="1" />
		<flag illusionable="0" />
		<flag convinceable="0" />
		<flag pushable="0" />
		<flag canpushitems="0" />
		<flag canpushcreatures="0" />
		<flag targetdistance="1" />
		<flag staticattack="90" />
		<flag runonhealth="45" />
	</flags>
	<attacks>
		<attack name="melee" interval="2000" chance="0" skill="10" attack="8" />
	</attacks>
	<defenses armor="8" defense="8">
	</defenses>
	<voices interval="2000" chance="7">
		<voice sentence="Grunt" />
		<voice sentence="*Snort*" />
	</voices>
</monster>
