<?xml version="1.0" encoding="UTF - 8"?>
<monster name="Dwarf" nameDescription="a dwarf" race="blood" experience="45" speed="170" manacost="320">
	<health now="90" max="90" />
	<look type="69" head="0" body="0" legs="0" feet="0" corpse="4141" />
	<targetchange interval="1000" chance="0" />
	<targetstrategy nearest="100" weakest="0" mostdamage="0" random="0" />
	<flags>
		<flag summonable="1" />
		<flag attackable="1" />
		<flag hostile="1" />
		<flag illusionable="1" />
		<flag convinceable="1" />
		<flag pushable="1" />
		<flag canpushitems="0" />
		<flag canpushcreatures="0" />
		<flag targetdistance="1" />
		<flag staticattack="85" />
		<flag runonhealth="0" />
	</flags>
	<attacks>
		<attack name="melee" interval="2000" chance="0" skill="23" attack="14" />
	</attacks>
	<defenses armor="8" defense="14">
	</defenses>
	<immunities>
		<immunity poison="1" />
	</immunities>
	<voices interval="5000" chance="10">
		<voice sentence="Hail Durin!" />
	</voices>
	<loot>
	    <item id="5183" countmax="1" chance="20" /> <!-- a iron ore -->
		<item id="3274" countmax="1" chance="150" /> <!-- an axe -->
		<item id="3430" countmax="1" chance="100" /> <!-- a copper shield -->
		<item id="3097" countmax="1" chance="1" /> <!-- a dwarven ring -->
		<item id="3031" countmax="8" chance="450" /> <!-- a gold coin -->
		<item id="3276" countmax="1" chance="250" /> <!-- a hatchet -->
		<item id="3559" countmax="1" chance="100" /> <!-- leather legs -->
		<item id="3505" countmax="1" chance="80" /> <!-- a letter -->
		<item id="3456" countmax="1" chance="100" /> <!-- a pick -->
		<item id="3378" countmax="1" chance="80" /> <!-- a studded armor -->
		<item id="3723" countmax="1" chance="500" /> <!-- a white mushroom -->
	</loot>
</monster>