<?xml version="1.0" encoding="UTF - 8"?>
<monster name="Flamingo" nameDescription="a flamingo" race="blood" experience="0" speed="168" manacost="250">
	<health now="25" max="25" />
	<look type="212" head="0" body="0" legs="0" feet="0" corpse="4366" />
	<targetchange interval="1000" chance="0" />
	<targetstrategy nearest="100" weakest="0" mostdamage="0" random="0" />
	<flags>
		<flag summonable="1" />
		<flag attackable="1" />
		<flag hostile="0" />
		<flag illusionable="1" />
		<flag convinceable="1" />
		<flag pushable="1" />
		<flag canpushitems="0" />
		<flag canpushcreatures="0" />
		<flag targetdistance="1" />
		<flag staticattack="85" />
		<flag runonhealth="25" />
	</flags>
	<attacks>
		<attack name="melee" interval="2000" chance="0" skill="9" attack="4" />
	</attacks>
	<defenses armor="1" defense="6">
	</defenses>
</monster>