<?xml version="1.0" encoding="UTF - 8"?>
<monster name="Frost Dragon" nameDescription="a frost dragon" race="undead" experience="2100" speed="260" manacost="0">
	<health now="1800" max="1800" />
	<look type="146" head="0" body="0" legs="0" feet="0" corpse="5209" />
	<targetchange interval="1000" chance="5" />
	<targetstrategy nearest="70" weakest="10" mostdamage="10" random="10" />
	<flags>
		<flag summonable="0" />
		<flag attackable="1" />
		<flag hostile="1" />
		<flag illusionable="1" />
		<flag convinceable="0" />
		<flag pushable="0" />
		<flag canpushitems="1" />
		<flag canpushcreatures="1" />
		<flag targetdistance="1" />
		<flag staticattack="85" />
		<flag runonhealth="250" />
	</flags>
	<attacks>
		<attack name="melee" interval="2000" chance="0" skill="65" attack="55" />
		<attack name="lifedrain" min="-175" max="-380" length="8" spread="3" chance="10">
			<attribute key="areaEffect" value="poff" />
		</attack>
		<attack name="speed" speedchange="-600" duration="12000" radius="3" target="0" chance="5">
			<attribute key="areaEffect" value="poff" />
		</attack>
		<attack name="speed" interval="2000" speedchange="-600" duration="12000" target="0" length="7" spread="3" chance="15">
			<attribute key="areaEffect" value="iceattack" />
		</attack>
		<attack name="ice" chance="5" radius="3" target="0" min="-60" max="-120">
			<attribute key="areaEffect" value="icetornado"/>
		</attack>
		<attack name="ice" chance="10" target="1" radius="4" min="-100" max="-240">
			<attribute key="areaEffect" value="icearea"/>
		</attack>
		<attack name="physical" chance="5" target="0" length="1" spread="0" min="0" max="-220">
			<attribute key="areaEffect" value="poff"/>
		</attack>
		<attack name="speed" interval="2000" chance="20" target="1" radius="4" speedchange="-600" duration="12000">
			<attribute key="areaEffect" value="icearea"/>
		</attack>
	</attacks>
	<defenses armor="45" defense="45">
		<defense name="healing" min="150" max="200" interval="2000" chance="10">
			<attribute key="areaEffect" value="blueshimmer" />
		</defense>
	</defenses>
	<immunities>
		<immunity lifedrain="1"/>
		<immunity paralyze="1"/>
		<immunity invisible="1"/>
		<immunity fire="1"/>
		<immunity ice="1"/>
		<immunity earth="1"/>
	</immunities>
	<voices interval="5000" chance="10">
		<voice sentence="YOU WILL FREEZE!" yell="1" />
		<voice sentence="ZCHHHHH!" yell="1" />
		<voice sentence="I am so cool!" yell="0" />
		<voice sentence="Chill out!" yell="0" />
	</voices>
	<loot>
		<item id="2842" countmax="1" chance="90" /> <!-- a book -->
		<item id="3583" countmax="5" chance="600" /> <!-- dragon ham -->
		<item id="3284" countmax="1" chance="3" /> <!-- an ice rapier -->
		<item id="3051" countmax="1" chance="50" /> <!-- an energy ring -->
		<item id="3031" countmax="100" chance="800" /> <!-- a gold coin -->
		<item id="3031" countmax="100" chance="600" /> <!-- a gold coin -->
		<item id="3031" countmax="50" chance="400" /> <!-- a gold coin -->
		<item id="5215" countmax="1" chance="2" /> <!-- a shard -->
		<item id="2903" countmax="1" chance="30" /> <!-- a golden mug -->
		<item id="3732" countmax="1" chance="120" /> <!-- a green mushroom -->
		<item id="3061" countmax="1" chance="6" /> <!-- a life crystal -->
		<item id="3450" countmax="5" chance="60" /> <!-- a power bolt -->
		<item id="3392" countmax="1" chance="1" /> <!-- a royal helmet -->
		<item id="3029" countmax="1" chance="50" /> <!-- a small sapphire -->
		<item id="5239" countmax="1" chance="1" /> <!-- a dragon slayer -->
		<item id="3373" countmax="1" chance="4" /> <!-- a strange helmet -->
		<item id="3428" countmax="1" chance="2" /> <!-- a tower shield -->
	</loot>
</monster>