<?xml version="1.0" encoding="UTF-8"?>
<monster name="Horse" nameDescription="a horse" race="blood" experience="0" speed="250" manacost="0">
	<health now="75" max="75" />
	<look type="243" corpse="0" />
	<targetchange interval="4000" chance="20" />
	<targetstrategy nearest="100" weakest="0" mostdamage="0" random="0" />
	<flags>
		<flag summonable="0" />
		<flag attackable="1" />
		<flag hostile="0" />
		<flag illusionable="0" />
		<flag convinceable="0" />
		<flag pushable="1" />
		<flag canpushitems="0" />
		<flag canpushcreatures="0" />
		<flag targetdistance="1" />
		<flag staticattack="90" />
		<flag runonhealth="75" />
	</flags>
	<voices interval="2000" chance="7">
		<voice sentence="Weeeeheeeeeee" />
		<voice sentence="*snort*" />
		<voice sentence="*Weeeeheeeeaaa*" />
	</voices>
</monster>
