<?xml version="1.0" encoding="UTF - 8"?>
<monster name="Larva" nameDescription="a larva" race="venom" experience="44" speed="124" manacost="355">
	<health now="70" max="70" />
	<look type="82" head="0" body="0" legs="0" feet="0" corpse="4191" />
	<targetchange interval="1000" chance="0" />
	<targetstrategy nearest="100" weakest="0" mostdamage="0" random="0" />
	<flags>
		<flag summonable="1" />
		<flag attackable="1" />
		<flag hostile="1" />
		<flag illusionable="1" />
		<flag convinceable="1" />
		<flag pushable="1" />
		<flag canpushitems="0" />
		<flag canpushcreatures="0" />
		<flag targetdistance="1" />
		<flag staticattack="85" />
		<flag runonhealth="0" />
	</flags>
	<attacks>
		<attack name="melee" interval="2000" chance="0" skill="30" attack="20" poison="15" />
	</attacks>
	<defenses armor="5" defense="11">
	</defenses>
	<immunities>
		<immunity paralyze="1" />
		<immunity poison="1" />
	</immunities>
	<loot>
		<item id="3031" countmax="10" chance="350" /> <!-- a gold coin -->
		<item id="3577" countmax="1" chance="300" /> <!-- meat -->
	</loot>
</monster>