<?xml version="1.0" encoding="UTF - 8"?>
<monster name="Lion" nameDescription="a lion" race="blood" experience="30" speed="190" manacost="320">
	<health now="80" max="80" />
	<look type="41" head="0" body="0" legs="0" feet="0" corpse="4070" />
	<targetchange interval="1000" chance="0" />
	<targetstrategy nearest="100" weakest="0" mostdamage="0" random="0" />
	<flags>
		<flag summonable="1" />
		<flag attackable="1" />
		<flag hostile="1" />
		<flag illusionable="1" />
		<flag convinceable="1" />
		<flag pushable="0" />
		<flag canpushitems="0" />
		<flag canpushcreatures="0" />
		<flag targetdistance="1" />
		<flag staticattack="85" />
		<flag runonhealth="10" />
	</flags>
	<attacks>
		<attack name="melee" interval="2000" chance="0" skill="32" attack="20" />
	</attacks>
	<defenses armor="6" defense="13">
	</defenses>
	<voices interval="5000" chance="10">
		<voice sentence="Groarrr!" />
	</voices>
	<loot>
		<item id="3582" countmax="2" chance="200" /> <!-- ham -->
		<item id="3577" countmax="3" chance="450" /> <!-- meat -->
		<item id="5165" countmax="1" chance="1" /> <!-- meat -->
	</loot>
</monster>