<?xml version="1.0" encoding="UTF - 8"?>
<monster name="Midnight Panther" nameDescription="a Midnight Panther" race="blood" experience="900" speed="250" manacost="0">
	<health now="1200" max="1200" />
	<look type="240" head="0" body="0" legs="0" feet="0" corpse="5223" />
	<targetchange interval="4000" chance="10" />
	<targetstrategy nearest="70" weakest="0" mostdamage="30" random="0" />
	<flags>
		<flag summonable="0" />
		<flag attackable="1" />
		<flag hostile="1" />
		<flag illusionable="1" />
		<flag convinceable="0" />
		<flag pushable="0" />
		<flag canpushitems="1" />
		<flag canpushcreatures="1" />
		<flag targetdistance="1" />
		<flag staticattack="90" />
		<flag runonhealth="0" />
	</flags>
	<attacks>
		<attack name="melee" interval="1000" chance="0" skill="40" attack="36" />
		<attack name="energy" interval="1000" chance="15" range="7" min="-75" max="-215">
			<attribute key="shootEffect" value="energy"/>
			<attribute key="areaEffect" value="energy"/>
		</attack>
	</attacks>
	<defenses armor="30" defense="30">
		<defense name="speed" interval="1000" chance="15" speedchange="370" duration="5000">
			<attribute key="areaEffect" value="redshimmer"/>
		</defense>
		<defense name="healing" interval="1000" chance="15" min="50" max="125">
			<attribute key="areaEffect" value="blueshimmer"/>
		</defense>
		<defense name="invisible" interval="1000" chance="15" duration="5000">
			<attribute key="areaEffect" value="blueshimmer"/>
		</defense>
	</defenses>
	<immunities>
		<immunity paralyze="1"/>
		<immunity invisibility="1"/>
	</immunities>
	<loot>
		<item id="3031" countmax="200" chance="400" /> <!-- a gold coin -->
		<item id="3031" countmax="100" chance="300" /> <!-- a gold coin -->
		<item id="3052" countmax="1" chance="40" /> <!-- a life ring -->
	</loot>
</monster>