<?xml version="1.0" encoding="UTF-8"?>
<monster name="Nightmare" nameDescription="a nightmare" race="blood" experience="2150" speed="240" manacost="0">
	<health now="2700" max="2700" />
	<look type="261" corpse="5243" />
	<targetchange interval="1000" chance="5" />
	<targetstrategy nearest="70" weakest="10" mostdamage="10" random="10" />
	<flags>
		<flag summonable="0" />
		<flag attackable="1" />
		<flag hostile="1" />
		<flag illusionable="1" />
		<flag convinceable="0" />
		<flag pushable="0" />
		<flag canpushitems="1" />
		<flag canpushcreatures="1" />
		<flag targetdistance="1" />
		<flag staticattack="90" />
		<flag runonhealth="300" />
	</flags>
	<attacks>
		<attack name="melee" interval="2000" chance="0" skill="50" attack="50" />
		<attack name="poison" chance="7" range="7" radius="1" target="1" min="-120" max="-170">
			<attribute key="shootEffect" value="poison" />
			<attribute key="areaEffect" value="mortarea" />
			<attribute key="areaEffect" value="redshimmer" />
		</attack>
		<attack name="poison" chance="8" range="7" radius="4" target="1" min="-150" max="-350">
			<attribute key="shootEffect" value="poison" />
			<attribute key="areaEffect" value="poison" />
		</attack>
	</attacks>
	<defenses armor="25" defense="25">
		<defense name="healing" interval="1000" chance="8" min="60" max="100">
			<attribute key="areaEffect" value="blueshimmer" />
		</defense>
		<defense name="speed" chance="15" speedchange="420" duration="5000">
			<attribute key="areaEffect" value="redshimmer" />
		</defense>
	</defenses>
	<immunities>
		<immunity invisible="1" />
		<immunity poison="1" />
		<immunity lifedrain="1" />
	</immunities>
	<voices interval="5000" chance="10">
		<voice sentence="Close your eyes... I want to show you something." />
		<voice sentence="I will haunt you forever!" />
		<voice sentence="Pffffrrrrrrrrrrrr." />
		<voice sentence="I will make you scream." />
		<voice sentence="Take a ride with me." />
		<voice sentence="Weeeheeheeeheee!" />
	</voices>
	<loot>
		<item id="3031" countmax="100" chance="800" /> <!-- a gold coin -->
		<item id="3031" countmax="50" chance="600" /> <!-- a gold coin -->
		<item id="3031" countmax="50" chance="400" /> <!-- a gold coin -->
		<item id="3582" countmax="2" chance="300" /><!-- ham -->
		<item id="3450" countmax="5" chance="200" /> <!-- a power bolt -->
		<item id="3432" chance="20" /><!-- ancient shield -->
		<item id="3371" chance="5" /><!-- knight legs -->
		<item id="3079" chance="1" /><!-- boots of haste -->
		<item id="3342" chance="3" /><!-- war axe -->
	</loot>
</monster>
