<?xml version="1.0" encoding="UTF - 8"?>
<monster name="Pig" nameDescription="a pig" race="blood" experience="0" speed="114" manacost="255">
	<health now="25" max="25" />
	<look type="60" head="0" body="0" legs="0" feet="0" corpse="4116" />
	<targetchange interval="1000" chance="0" />
	<targetstrategy nearest="100" weakest="0" mostdamage="0" random="0" />
	<flags>
		<flag summonable="1" />
		<flag attackable="1" />
		<flag hostile="0" />
		<flag illusionable="1" />
		<flag convinceable="1" />
		<flag pushable="1" />
		<flag canpushitems="0" />
		<flag canpushcreatures="0" />
		<flag targetdistance="1" />
		<flag staticattack="85" />
		<flag runonhealth="25" />
	</flags>
	<attacks>
		<attack name="melee" interval="2000" chance="0" skill="10" attack="0" />
	</attacks>
	<defenses armor="2" defense="2">
	</defenses>
	<loot>
		<item id="3577" countmax="4" chance="650" /> <!-- meat -->
	</loot>
</monster>