<?xml version="1.0" encoding="UTF - 8"?>
<monster name="Slime" nameDescription="a slime" race="venom" experience="160" speed="120" manacost="0">
	<health now="150" max="150" />
	<look type="19" head="0" body="0" legs="0" feet="0" corpse="2121" />
	<targetchange interval="1000" chance="0" />
	<targetstrategy nearest="100" weakest="0" mostdamage="0" random="0" />
	<flags>
		<flag summonable="0" />
		<flag attackable="1" />
		<flag hostile="1" />
		<flag illusionable="0" />
		<flag convinceable="0" />
		<flag pushable="0" />
		<flag canpushitems="1" />
		<flag canpushcreatures="0" />
		<flag targetdistance="1" />
		<flag staticattack="85" />
		<flag runonhealth="0" />
	</flags>
	<attacks>
		<attack name="melee" interval="2000" chance="0" skill="22" attack="42" />
	</attacks>
	<defenses armor="3" defense="10">
	</defenses>
	<immunities>
		<immunity outfit="1" />
		<immunity poison="1" />
	</immunities>
	<summons maxSummons="3">
		<summon name="slime2" interval="1000" chance="11" max="3" />
	</summons>
	<voices interval="5000" chance="10">
		<voice sentence="Blubb" />
	</voices>
		<script>
    <event name="death_animation_slime"/>
</script>
</monster>