<?xml version="1.0" encoding="UTF - 8"?>
<monster name="wasp" nameDescription="a wasp" race="venom" experience="24" speed="320" manacost="280">
	<health now="35" max="35" />
	<look type="44" head="0" body="0" legs="0" feet="0" corpse="4080" />
	<targetchange interval="1000" chance="10" />
	<targetstrategy nearest="60" weakest="0" mostdamage="0" random="40" />
	<flags>
		<flag summonable="1" />
		<flag attackable="1" />
		<flag hostile="1" />
		<flag illusionable="1" />
		<flag convinceable="1" />
		<flag pushable="1" />
		<flag canpushitems="0" />
		<flag canpushcreatures="0" />
		<flag targetdistance="1" />
		<flag staticattack="85" />
		<flag runonhealth="0" />
	</flags>
	<attacks>
		<attack name="melee" interval="2000" chance="0" skill="23" attack="12" poison="25" />
	</attacks>
	<defenses armor="4" defense="8">
	</defenses>
	<immunities>
		<immunity poison="1" />
	</immunities>
	<voices interval="5000" chance="10">
		<voice sentence="Bsssssss" />
	</voices>
	<loot>
		<item id="5185" countmax="1" chance="15" /> <!-- honeycomb -->
	</loot>
</monster>