<?xml version="1.0" encoding="UTF - 8"?>
<monster name="Wolf" nameDescription="a wolf" race="blood" experience="18" speed="164" manacost="255">
	<health now="25" max="25" />
	<look type="27" head="0" body="0" legs="0" feet="0" corpse="4007" />
	<targetchange interval="1000" chance="0" />
	<targetstrategy nearest="100" weakest="0" mostdamage="0" random="0" />
	<flags>
		<flag summonable="1" />
		<flag attackable="1" />
		<flag hostile="1" />
		<flag illusionable="1" />
		<flag convinceable="1" />
		<flag pushable="1" />
		<flag canpushitems="0" />
		<flag canpushcreatures="0" />
		<flag targetdistance="1" />
		<flag staticattack="85" />
		<flag runonhealth="8" />
	</flags>
	<attacks>
		<attack name="melee" interval="2000" chance="0" skill="19" attack="12" />
	</attacks>
	<defenses armor="1" defense="4">
	</defenses>
	<loot>
		<item id="3577" countmax="2" chance="500" /> <!-- meat -->
		<item id="5177" countmax="1" chance="20" /> <!-- wolf paw -->
	</loot>
</monster>