<?xml version="1.0" encoding="UTF-8"?>
<creaturescripts>
	<event type="login" name="PlayerLogin" script="login.lua"/>
	<event type="login" name="FirstItems" script="firstitems.lua"/>
	<event type="death" name="PlayerDeath" script="playerdeath.lua"/>
    <event type="death" name="death_animation_fireelemental" script="fireelemental.lua"/>
    <event type="death" name="death_animation_slime" script="slime.lua"/>
	<event type="advance" name="Advance" script="advance.lua"/>
	<event type="kill" name="Tasks" script="tasks.lua"/>
	<event type="extendedopcode" name="Shop" script="shop.lua" />
	<event type="advance" name="Spell" script="spell.lua" />
	<event type="death" name="arena" script="arena/arena.lua" />
	
	<event type="login" name="OfflineTraining" script="others/offlinetraining.lua" />
	
	<event type="modalwindow" name="ModalWindowHelper" script="others/modalwindowhelper.lua" />
	
	<event type="modalwindow" name="modalwindowhelper" script="others/tutor.lua"/>
	
	<event type="login" name="serverinfos" script="others/serverinfo.lua"/>
	
	<event type="death" name="KillDeathCount" script="killdeathcount.lua"/>
	
	<event type="login" name="OnlineBonus" script="others/onlineBonus.lua" />
	<event type="logout" name="OnlineBonusLogout" script="others/onlineBonus.lua" />
	
	<event type="advance" name="Reward" script="reward.lua"/>
	
</creaturescripts>
