<?xml version="1.0" encoding="UTF-8"?>
<actions>
	<!-- main Tibia Map Related Actions -->
	<action itemid="5315" script="refine.lua"/>
	<action actionid="1" script="main/1.lua" />
	<action actionid="2" script="main/2.lua" />
	<action actionid="3" script="main/3.lua" />
	<action actionid="4" script="main/4.lua" />
	<action actionid="5" script="main/5.lua" />
	<action actionid="6" script="main/6.lua" />
	<action actionid="7" script="main/7.lua" />
	<action actionid="8" script="main/8.lua" />
	<action actionid="9" script="main/9.lua" />
	<action actionid="10" script="main/10.lua" />
	<action actionid="11" script="main/11.lua" />
	<action actionid="12" script="main/12.lua" />
	<action actionid="13" script="main/13.lua" />
	<action actionid="14" script="main/14.lua" />
	<action actionid="15" script="main/15.lua" />
	<action actionid="16" script="main/16.lua" />
	<action actionid="17" script="main/17.lua" />
	<action actionid="18" script="main/18.lua" />
	<action actionid="19" script="main/19.lua" />
	<action actionid="20" script="main/20.lua" />
	<action actionid="21" script="main/21.lua" />
	<action actionid="22" script="main/22.lua" />
	<action actionid="23" script="main/23.lua" />
	<action actionid="24" script="main/24.lua" />
	<action actionid="25" script="main/25.lua" />
	<action actionid="26" script="main/26.lua" />
	<action actionid="27" script="main/27.lua" />
	<action actionid="28" script="main/28.lua" />
	<action actionid="29" script="main/29.lua" />
	<action actionid="30" script="main/30.lua" />
	<action actionid="31" script="main/31.lua" />
	<action actionid="32" script="main/32.lua" />
	<action actionid="33" script="main/33.lua" />
	<action actionid="34" script="main/34.lua" />
	<action actionid="35" script="main/35.lua" />
	<action actionid="36" script="main/36.lua" />
	<action actionid="37" script="main/37.lua" />
	<action actionid="38" script="main/38.lua" />
	<action actionid="39" script="main/39.lua" />
	<action actionid="40" script="main/40.lua" />
	<action actionid="41" script="main/41.lua" />
	<action actionid="42" script="main/42.lua" />
	<action actionid="43" script="main/43.lua" />
	<action actionid="44" script="main/44.lua" />
	<action actionid="45" script="main/45.lua" />
	<action actionid="46" script="main/46.lua" />
	<action actionid="47" script="main/47.lua" />
	<action actionid="48" script="main/48.lua" />
	<action actionid="49" script="main/49.lua" />
	<action actionid="50" script="main/50.lua" />
	<action actionid="51" script="main/51.lua" />
	<action actionid="52" script="main/52.lua" />
	<action actionid="53" script="main/53.lua" />
	<action actionid="54" script="main/54.lua" />
	<action actionid="55" script="main/55.lua" />
	<action actionid="56" script="main/56.lua" />
	<action actionid="57" script="main/57.lua" />
	<action actionid="58" script="main/58.lua" />
	<action actionid="59" script="main/59.lua" />
	<action actionid="60" script="main/60.lua" />
	<action actionid="61" script="main/61.lua" />
	<action actionid="62" script="main/62.lua" />
	<action actionid="63" script="main/63.lua" />
	<action actionid="64" script="main/64.lua" />
	<action actionid="65" script="main/65.lua" />
	<action actionid="66" script="main/66.lua" />
	<action actionid="67" script="main/67.lua" />
	<action actionid="68" script="main/68.lua" />
	<action actionid="69" script="main/69.lua" />
	<action actionid="70" script="main/70.lua" />
	<action actionid="71" script="main/71.lua" />
	<action actionid="72" script="main/72.lua" />
	<action actionid="73" script="main/73.lua" />
	<action actionid="74" script="main/74.lua" />
	<action actionid="75" script="main/75.lua" />
	<action actionid="76" script="main/76.lua" />
	<action actionid="77" script="main/77.lua" />
	<action actionid="78" script="main/78.lua" />
	<action actionid="79" script="main/79.lua" />
	<action actionid="80" script="main/80.lua" />
	<action actionid="81" script="main/81.lua" />
	<action actionid="82" script="main/82.lua" />
	<action actionid="83" script="main/83.lua" />
	<action actionid="84" script="main/84.lua" />
	<action actionid="85" script="main/85.lua" />
	<action actionid="86" script="main/86.lua" />
	<action actionid="87" script="main/87.lua" />
	<action actionid="2200" script="main/2200.lua" />
	<action actionid="2201" script="main/2201.lua" />
	<action actionid="2202" script="main/2202.lua" />
	<action actionid="2203" script="main/2203.lua" />
	<action actionid="2204" script="main/2204.lua" />
	<action actionid="2205" script="main/2205.lua" />
	<action actionid="2207" script="main/2207.lua" />
	<action actionid="2208" script="main/2208.lua" />
	<action actionid="2209" script="main/2209.lua" />
	<action actionid="2210" script="main/2210.lua" />
	<action actionid="2211" script="main/2211.lua" />
	<action actionid="2212" script="main/2212.lua" />
	<action actionid="2213" script="main/2213.lua" />
	<action actionid="2214" script="main/2214.lua" />
	<action actionid="2215" script="main/2215.lua" />
	<action actionid="2280" script="main/2280.lua" />
	
	<!-- main Default Actions -->
	<!-- Furniture Parcels -->
	<action fromid="2775" toid="2812" script="others/furniture_parcels.lua" />
	<action fromid="5086" toid="5088" script="others/furniture_parcels.lua" />
	
	<!-- Instruments -->
	<action fromid="2948" toid="2950" script="others/instruments.lua" />
	<action fromid="2952" toid="2965" script="others/instruments.lua" />
	<action itemid="3219" script="others/instruments.lua" />
	
	<!-- Strange Levers -->
	<action fromid="2566" toid="2567" script="others/strange_lever.lua" />
	<action fromid="2569" toid="2570" script="others/strange_lever.lua" />
	
	<!-- Teleporters -->
	<action itemid="435" script="others/teleporters.lua" />
	<action itemid="1948" script="others/teleporters.lua" />
	<action itemid="1968" script="others/teleporters.lua" />
	
	<!-- Special Right -->
	<action itemid="372" script="others/special_rights.lua" />
	<action itemid="386" script="others/special_rights.lua" />
	<action itemid="421" script="others/special_rights.lua" />
	<action itemid="593" script="others/special_rights.lua" />
	<action itemid="606" script="others/special_rights.lua" />
	<action itemid="608" script="others/special_rights.lua" />
	<action itemid="614" script="others/special_rights.lua" />
	<action itemid="3653" script="others/special_rights.lua" />
	<action itemid="3696" script="others/special_rights.lua" />
	<action itemid="3702" script="others/special_rights.lua" />
	
	<!-- Fun -->
	<action itemid="611" script="others/snowheap.lua" />
	<action itemid="5080" script="others/panda_teddy.lua" />
	<action itemid="2974" script="others/water_pipe.lua" />
	<action itemid="2976" script="others/birdcage.lua" />
	<action itemid="3699" script="others/blueberry_bush.lua" />
	<action itemid="3481" script="others/closed_trap.lua" />
	<action itemid="3482" script="others/open_trap.lua" />
	<action itemid="3218" script="others/present.lua" />
	<action itemid="2977" script="others/pumpkin_head.lua" />
	<action itemid="2916" script="others/used_lamp.lua" />
	<action itemid="3229" script="others/helmet_of_the_ancients.lua" />
	<action itemid="4835" script="others/snake_destroyer.lua" />
	<action itemid="4840" script="others/spectral_stone.lua" />
	<action itemid="3217" script="others/letter_bag.lua" />
	<action fromid="3603" toid="3605" script="others/baking.lua" />
	<action fromid="3264" toid="3276" script="others/weapons.lua" />
	<action fromid="3278" toid="3286" script="others/weapons.lua" />
	<action fromid="3288" toid="3297" script="others/weapons.lua" />
	<action fromid="3299" toid="3303" script="others/weapons.lua" />
	<action fromid="3305" toid="3307" script="others/weapons.lua" />
	<action fromid="3309" toid="3329" script="others/weapons.lua" />
	<action fromid="3331" toid="3348" script="others/weapons.lua" />
	<action itemid="3208" script="others/weapons.lua" />
	<action itemid="3059" script="others/spellbook.lua" />
	
	<!-- Keys -->
	<action fromid="2967" toid="2973" script="others/key.lua" />
	
	<!-- Time -->
	<action fromid="2445" toid="2448" script="others/time.lua" />
	<action fromid="2660" toid="2664" script="others/time.lua" />
	<action itemid="2668" script="others/time.lua" />
	<action itemid="2771" script="others/time.lua" />
	<action itemid="2906" script="others/time.lua" />

	<!-- Tools -->
	<action itemid="5139" script="others/shovel2.lua" />
	<action itemid="5138" script="others/rope2.lua" />
	<action itemid="3003" script="others/rope.lua" />
	<action itemid="3304" script="others/crowbar.lua" />
	<action itemid="3469" script="others/knife.lua" />
	<action itemid="3308" script="others/machete.lua" />
	<action itemid="3330" script="others/machete.lua" />
	<action itemid="3453" script="others/scythe.lua" />
	<action itemid="3456" script="others/pick.lua" />
	<action itemid="3457" script="others/shovel.lua" />
	<action itemid="3483" allowfaruse="1" script="others/fishing_rod.lua" />
	
	
	<!-- Chests -->
	<action itemid="2479" script="others/chests.lua" />
	<action itemid="2543" script="others/chests.lua" />
	<action itemid="2544" script="others/chests.lua" />
	<action itemid="2545" script="others/chests.lua" />
	<action itemid="2546" script="others/chests.lua" />
	<action itemid="2547" script="others/chests.lua" />
	<action itemid="2548" script="others/chests.lua" />
	<action itemid="2549" script="others/chests.lua" />
	<action itemid="2550" script="others/chests.lua" />
	<action itemid="2551" script="others/chests.lua" />
	<action itemid="2552" script="others/chests.lua" />
	<action itemid="2553" script="others/chests.lua" />
	<action itemid="2554" script="others/chests.lua" />
	<action itemid="2555" script="others/chests.lua" />
	<action itemid="2556" script="others/chests.lua" />
	<action itemid="2557" script="others/chests.lua" />
	<action itemid="2558" script="others/chests.lua" />
	<action itemid="2559" script="others/chests.lua" />
	<action itemid="2560" script="others/chests.lua" />
	<action itemid="2561" script="others/chests.lua" />
	<action itemid="2562" script="others/chests.lua" />
	<action itemid="2564" script="others/chests.lua" />
	<action itemid="2565" script="others/chests.lua" />
	<action itemid="4830" script="others/chests.lua" />
	<action itemid="4833" script="others/chests.lua" />
	<action itemid="4873" script="others/chests.lua" />
	
	<!-- Fluids -->
	<action itemid="2524" script="others/fluids.lua" />
	<action itemid="2873" script="others/fluids.lua" />
	<action itemid="2874" script="others/fluids.lua" />
	<action itemid="2876" script="others/fluids.lua" />
	<action itemid="2877" script="others/fluids.lua" />
	<action itemid="2879" script="others/fluids.lua" />
	<action itemid="2880" script="others/fluids.lua" />
	<action itemid="2881" script="others/fluids.lua" />
	<action itemid="2882" script="others/fluids.lua" />
	<action itemid="2883" script="others/fluids.lua" />
	<action itemid="2884" script="others/fluids.lua" />
	<action itemid="2885" script="others/fluids.lua" />
	<action itemid="2893" script="others/fluids.lua" />
	<action itemid="2901" script="others/fluids.lua" />
	<action itemid="2902" script="others/fluids.lua" />
	<action itemid="2903" script="others/fluids.lua" />
	<action itemid="2904" script="others/fluids.lua" />
	<action itemid="3465" script="others/fluids.lua" />
	<action itemid="3477" script="others/fluids.lua" />
	<action itemid="3478" script="others/fluids.lua" />
	<action itemid="3479" script="others/fluids.lua" />
	<action itemid="3480" script="others/fluids.lua" />

	<!-- Food -->
	<action itemid="3250" script="others/food.lua" />
	<action itemid="3577" script="others/food.lua" />
	<action itemid="3578" script="others/food.lua" />
	<action itemid="3579" script="others/food.lua" />
	<action itemid="3580" script="others/food.lua" />
	<action itemid="3581" script="others/food.lua" />
	<action itemid="3582" script="others/food.lua" />
	<action itemid="3583" script="others/food.lua" />
	<action itemid="3584" script="others/food.lua" />
	<action itemid="3585" script="others/food.lua" />
	<action itemid="3586" script="others/food.lua" />
	<action itemid="3587" script="others/food.lua" />
	<action itemid="3588" script="others/food.lua" />
	<action itemid="3589" script="others/food.lua" />
	<action itemid="3590" script="others/food.lua" />
	<action itemid="3591" script="others/food.lua" />
	<action itemid="3592" script="others/food.lua" />
	<action itemid="3593" script="others/food.lua" />
	<action itemid="3594" script="others/food.lua" />
	<action itemid="3595" script="others/food.lua" />
	<action itemid="3596" script="others/food.lua" />
	<action itemid="3597" script="others/food.lua" />
	<action itemid="3598" script="others/food.lua" />
	<action itemid="3599" script="others/food.lua" />
	<action itemid="3600" script="others/food.lua" />
	<action itemid="3601" script="others/food.lua" />
	<action itemid="3602" script="others/food.lua" />
	<action itemid="3606" script="others/food.lua" />
	<action itemid="3607" script="others/food.lua" />
	<action itemid="3723" script="others/food.lua" />
	<action itemid="3724" script="others/food.lua" />
	<action itemid="3725" script="others/food.lua" />
	<action itemid="3726" script="others/food.lua" />
	<action itemid="3727" script="others/food.lua" />
	<action itemid="3728" script="others/food.lua" />
	<action itemid="3729" script="others/food.lua" />
	<action itemid="3730" script="others/food.lua" />
	<action itemid="3731" script="others/food.lua" />
	<action itemid="3732" script="others/food.lua" />
	
	<!-- Passthrough -->
	<action fromid="2334" toid="2341" script="others/doors.lua" />
	
	<!-- Locked Doors -->
	<action itemid="1628" script="others/doors.lua" />
	<action itemid="1631" script="others/doors.lua" />
	<action itemid="1650" script="others/doors.lua" />
	<action itemid="1653" script="others/doors.lua" />
	<action itemid="1668" script="others/doors.lua" />
	<action itemid="1671" script="others/doors.lua" />
	<action itemid="1682" script="others/doors.lua" />
	<action itemid="1691" script="others/doors.lua" />
	<action itemid="5006" script="others/doors.lua" />
	<action itemid="5007" script="others/doors.lua" />
	
	<!-- Level Doors -->
	<action itemid="1646" script="others/doors.lua" />
	<action itemid="1648" script="others/doors.lua" />
	<action itemid="1664" script="others/doors.lua" />
	<action itemid="1666" script="others/doors.lua" />
	<action itemid="1678" script="others/doors.lua" />
	<action itemid="1680" script="others/doors.lua" />
	<action itemid="1687" script="others/doors.lua" />
	<action itemid="1696" script="others/doors.lua" />
	
	<!-- Quest Doors -->
	<action itemid="1642" script="others/doors.lua" />
	<action itemid="1644" script="others/doors.lua" />
	<action itemid="1660" script="others/doors.lua" />
	<action itemid="1662" script="others/doors.lua" />
	<action itemid="1674" script="others/doors.lua" />
	<action itemid="1676" script="others/doors.lua" />
	<action itemid="1689" script="others/doors.lua" />
	<action itemid="1698" script="others/doors.lua" />
	
	<!-- Closed Normal Doors -->
	<action itemid="2177" script="others/doors.lua" />
	<action itemid="2179" script="others/doors.lua" />
	<action itemid="1629" script="others/doors.lua" />
	<action itemid="1632" script="others/doors.lua" />
	<action itemid="1638" script="others/doors.lua" />
	<action itemid="1640" script="others/doors.lua" />
	<action itemid="1651" script="others/doors.lua" />
	<action itemid="1654" script="others/doors.lua" />
	<action itemid="1656" script="others/doors.lua" />
	<action itemid="1658" script="others/doors.lua" />
	<action itemid="1669" script="others/doors.lua" />
	<action itemid="1672" script="others/doors.lua" />
	<action itemid="1683" script="others/doors.lua" />
	<action itemid="1685" script="others/doors.lua" />
	<action itemid="1692" script="others/doors.lua" />
	<action itemid="1694" script="others/doors.lua" />
	<action itemid="4912" script="others/doors.lua" />
	<action itemid="4913" script="others/doors.lua" />
	<action itemid="5082" script="others/doors.lua" />
	<action itemid="5084" script="others/doors.lua" />
	
	<!-- Open Vertical Doors -->
	<action itemid="1630" script="others/doors.lua" />
	<action itemid="1639" script="others/doors.lua" />
	<action itemid="1643" script="others/doors.lua" />
	<action itemid="1647" script="others/doors.lua" />
	<action itemid="1652" script="others/doors.lua" />
	<action itemid="1657" script="others/doors.lua" />
	<action itemid="1661" script="others/doors.lua" />
	<action itemid="1665" script="others/doors.lua" />
	<action itemid="1670" script="others/doors.lua" />
	<action itemid="1675" script="others/doors.lua" />
	<action itemid="1679" script="others/doors.lua" />
	<action itemid="1693" script="others/doors.lua" />
	<action itemid="1695" script="others/doors.lua" />
	<action itemid="1697" script="others/doors.lua" />
	<action itemid="1699" script="others/doors.lua" />
	<action itemid="4914" script="others/doors.lua" />
	<action itemid="5083" script="others/doors.lua" />
	<action itemid="2178" script="others/doors.lua" />

	<!-- Load action for Lamp_States -->
	<action itemid="2907" script="others/lamp_states.lua" />
	<action itemid="2908" script="others/lamp_states.lua" />
	<action itemid="2909" script="others/lamp_states.lua" />
	<action itemid="2910" script="others/lamp_states.lua" />
	<action itemid="2928" script="others/lamp_states.lua" />
	<action itemid="2929" script="others/lamp_states.lua" />
	<action itemid="2930" script="others/lamp_states.lua" />
	<action itemid="2931" script="others/lamp_states.lua" />

	<action itemid="2536" script="others/lamp_states.lua" />
	<action itemid="2535" script="others/lamp_states.lua" />
	<action itemid="2538" script="others/lamp_states.lua" />
	<action itemid="2537" script="others/lamp_states.lua" />
	<action itemid="2540" script="others/lamp_states.lua" />
	<action itemid="2539" script="others/lamp_states.lua" />
	<action itemid="2542" script="others/lamp_states.lua" />
	<action itemid="2541" script="others/lamp_states.lua" />
	
	<!-- Open Horizontal Doors -->
	<action itemid="1633" script="others/doors.lua" />
	<action itemid="1641" script="others/doors.lua" />
	<action itemid="1645" script="others/doors.lua" />
	<action itemid="1649" script="others/doors.lua" />
	<action itemid="1655" script="others/doors.lua" />
	<action itemid="1659" script="others/doors.lua" />
	<action itemid="1663" script="others/doors.lua" />
	<action itemid="1667" script="others/doors.lua" />
	<action itemid="1673" script="others/doors.lua" />
	<action itemid="1677" script="others/doors.lua" />
	<action itemid="1681" script="others/doors.lua" />
	<action itemid="1684" script="others/doors.lua" />
	<action itemid="1686" script="others/doors.lua" />
	<action itemid="1688" script="others/doors.lua" />
	<action itemid="1690" script="others/doors.lua" />
	<action itemid="4911" script="others/doors.lua" />
	<action itemid="5085" script="others/doors.lua" />
	<action itemid="2180" script="others/doors.lua" />

	<!-- Custom Items -->
	
	<action itemid="5215" script="addons/norseman.lua" />
	<action itemid="5208" script="addons/assassin_second.lua" />

	<action itemid="5186" script="addons/wizard_addon1.lua" />
	<action itemid="3006" script="addons/wizard_addon.lua" />

	<action itemid="5170" script="addons/outfits1.lua" />	
	<action itemid="5169" script="addons/outfits.lua" />
	<action itemid="5242" script="addons/outfits3.lua" />
	<action itemid="5153" script="addons/outfits4.lua" />
	<action itemid="5249" script="addons/outfits5.lua" />
	
	<action itemid="3061" script="others/changecrystal.lua" />
	<action itemid="5171" script="others/skinning-knife.lua" />
	<action itemid="5140" script="others/housescroll.lua"/>
	<action itemid="5130" script="others/olderac.lua"/>
	<action itemid="5132" script="others/checkBless.lua"/>
	<action itemid="5131" script="others/bless.lua"/>
	<action itemid="5129" script="others/templeScroll.lua"/>
	<action itemid="5128" script="others/points.lua"/>
	<action itemid="5125" script="others/newpots.lua"/>
	<action itemid="5126" script="others/newpots.lua"/>
    <action itemid="3031" script="others/money.lua"/>
	<action itemid="3035" script="others/money.lua"/>
	<action itemid="3043" script="others/money.lua"/>
	<action itemid="5120" script="others/premium7.lua" />
    <action itemid="5121" script="others/premium15.lua" />
    <action itemid="5122" script="others/premium30.lua" />
	<action itemid="5098" script="others/djinn_blue.lua" />
    <action itemid="5099" script="others/djinn_green.lua" />
    <action itemid="5100" script="others/postman.lua" />
    <action itemid="5092" script="others/dice.lua" />
    <action itemid="5093" script="others/dice.lua" />
	<action itemid="5094" script="others/dice.lua" />
	<action itemid="5095" script="others/dice.lua" />
	<action itemid="5096" script="others/dice.lua" />
	<action itemid="5097" script="others/dice.lua" />
	
	<action itemid="5217" script="mounts/tame_mount.lua" />
	<action itemid="5218" script="mounts/tame_panther.lua" />
	<action itemid="5219" script="mounts/tame_bear.lua" />
	<action itemid="5227" script="mounts/tame_panda.lua" />
	
	<action itemid="5226" script="others/avartar.lua" />
	<action itemid="5241" script="others/frag_remove.lua"/>
	<action itemid="2995" script="others/piggybank.lua"/>
	<action itemid="5246" script="others/goldconverter.lua" />
	
	<action itemid="5228" script="mounts/mountshop.lua" />
	<action itemid="5229" script="mounts/mountshop1.lua" />
	<action itemid="5230" script="mounts/mountshop2.lua" />
	<action itemid="5231" script="mounts/mountshop3.lua" />
	<action itemid="5232" script="mounts/mountshop4.lua" />
	<action itemid="5233" script="mounts/mountshop5.lua" />
	<action itemid="5248" script="mounts/mountshop6.lua" />
	<action itemid="2353" script="mounts/rentmount.lua" />
	<action itemid="5355" script="mounts/mountshop7.lua" />
	<action itemid="5356" script="mounts/mountshop8.lua" />
	<action itemid="5357" script="mounts/mountshop9.lua" />
	<action itemid="5358" script="mounts/mountshop10.lua" />
	<action itemid="5359" script="mounts/mountshop11.lua" />
	<action itemid="5360" script="mounts/mountshop12.lua" />
	<action itemid="5361" script="mounts/mountshop13.lua" />
	<action itemid="5362" script="mounts/mountshop14.lua" />
	<action itemid="5363" script="mounts/mountshop15.lua" />
	<action itemid="5364" script="mounts/mountshop16.lua" />
	
	
	<action itemid="5250" script="others/spider_eggs.lua" />
	
	<action actionid="5555" script="arena/arenachest.lua" />
	
	<!-- Offline Training -->
	<action fromid="5280" toid="5284" script="others/offlinetraining.lua" />
	
	<action fromid="5285" toid="5289" script="others/furniture_parcels.lua" />
	
	<action itemid="5291" script="others/exp.lua" />
	
	<!-- Pits of Inferno 
	<action actionid="17642" script="pits_of_inferno/oil.lua" />
	<action fromaid="17653" toaid="17656" script="pits_of_inferno/hall_of_the_four_ways.lua" />
	<action fromaid="2050" toaid="2065" script="pits_of_inferno/levers.lua" />
	<action fromaid="3301" toaid="3302" script="pits_of_inferno/ladderLevers.lua" />
	<action actionid="50160" script="pits_of_inferno/mazeStone.lua" />
	<action actionid="3300" script="pits_of_inferno/stoneLever.lua" />
	<action actionid="3304" script="pits_of_inferno/trapLever.lua" />
	<action actionid="50106" script="pits_of_inferno/fireThroneLever.lua" />
	<action fromaid="50095" toaid="50104" script="pits_of_inferno/bazirWrongLevers.lua" />
	<action actionid="50105" script="pits_of_inferno/bazirMazeLever.lua" />
	<action fromaid="39511" toaid="39512" script="pits_of_inferno/bazirMirror.lua" /> -->
	
</actions>
