<?xml version="1.0" encoding="UTF-8"?>
<monster name="Drasilla" nameDescription="drasilla" race="blood" experience="700" speed="170" manacost="0">
	<health now="1320" max="1320" />
	<look type="34" corpse="2118" />
	<targetchange interval="1000" chance="5" />
	<targetstrategy nearest="70" weakest="15" mostdamage="15" random="0" />
	<script>
        <event name="arena"/>
	</script>
	<flags>
		<flag summonable="0" />
		<flag attackable="1" />
		<flag hostile="1" />
		<flag illusionable="0" />
		<flag convinceable="0" />
		<flag pushable="0" />
		<flag canpushitems="1" />
		<flag targetdistance="1" />
		<flag runonhealth="100" />
	</flags>
	<attacks>
		<attack name="melee" interval="2000" chance="0" skill="30" attack="60" />
		<attack name="fire" min="-100" max="-180" range="7" radius="4" target="1" interval="2000" chance="7">
			<attribute key="areaEffect" value="firearea" />
		</attack>
		<attack name="fire" min="-70" max="-115" range="10" radius="5" target="1" interval="1000" chance="7">
			<attribute key="areaEffect" value="firearea" />
		</attack>
	</attacks>
	<defenses armor="32" defense="33">
		<defense name="healing" interval="1000" chance="65" min="20" max="50">
			<attribute key="areaEffect" value="blueshimmer" />
		</defense>
	</defenses>
	<immunities>
		<immunity fire="1" />
		<immunity outfit="1" />
		<immunity drunk="1" />
		<immunity invisible="1" />
	</immunities>
	<voices interval="2000" chance="5">
		<voice sentence="FCHHHHHHHH!" />
		<voice sentence="GROOOOAAAAAAAAR!" />
		<voice sentence="DIRTY LITTLE HUMANS" />
		<voice sentence="YOU CAN'T KEEP ME HERE FOREVER" />
	</voices>
</monster>
