<?xml version="1.0" encoding="UTF-8"?>
<monster name="Spirit of Fire" nameDescription="the spirit of fire" race="blood" experience="950" speed="220" manacost="0">
	<health now="2210" max="2210" />
	<look type="49" corpse="2118" />
	<targetchange interval="1000" chance="5" />
	<targetstrategy nearest="70" weakest="15" mostdamage="15" random="0" />
	<script>
        <event name="arena"/>
	</script>
	<flags>
		<flag summonable="0" />
		<flag attackable="1" />
		<flag hostile="1" />
		<flag illusionable="0" />
		<flag convinceable="0" />
		<flag pushable="0" />
		<flag canpushitems="1" />
		<flag targetdistance="1" />
	</flags>
	<attacks>
		<attack name="melee" interval="2000" chance="0" skill="50" attack="100" />
		<attack name="firefield" range="7" radius="1" target="1" chance="3">
			<attribute key="shootEffect" value="fire" />
		</attack>
		<attack name="fire" min="-150" max="-350" range="7" radius="2" target="1" chance="4">
			<attribute key="shootEffect" value="fire" />
			<attribute key="areaEffect" value="firearea" />
		</attack>
	</attacks>
	<defenses armor="25" defense="25" />
	<elements>
		<element energyPercent="20" />
		<element icePercent="-10" />
	</elements>
	<immunities>
		<immunity fire="1" />
		<immunity outfit="1" />
		<immunity drunk="1" />
		<immunity invisible="1" />
	</immunities>
	<voices interval="5000" chance="6">
		<voice sentence="Feel the heat." />
	</voices>
</monster>
