<?xml version="1.0" encoding="UTF - 8"?>
<monster name="Tentacles" nameDescription="a tentacles" race="blood" experience="2000" speed="234" manacost="0">
	<health now="3000" max="3000" />
	<look type="220" head="0" body="0" legs="0" feet="0" corpse="2118" />
	<targetchange interval="1000" chance="25" />
	<targetstrategy nearest="70" weakest="30" mostdamage="0" random="0" />
	<script>
        <event name="arena"/>
	</script>
	<flags>
		<flag summonable="0" />
		<flag attackable="1" />
		<flag hostile="1" />
		<flag illusionable="0" />
		<flag convinceable="0" />
		<flag pushable="0" />
		<flag canpushitems="1" />
		<flag canpushcreatures="1" />
		<flag targetdistance="1" />
		<flag staticattack="85" />
		<flag runonhealth="275" />
	</flags>
	<attacks>
		<attack name="melee" interval="2000" chance="0" skill="82" attack="62" />
		<attack name="poison" min="-100" max="-300" range="7" interval="1000" chance="8">
			<attribute key="shootEffect" value="poison" />
			<attribute key="areaEffect" value="greenspark" />
		</attack>
		<attack name="outfit" item="3492" duration="4000" range="7" interval="1000" chance="120">
			<attribute key="areaEffect" value="blueshimmer" />
		</attack>
		<attack name="speed" speedchange="-500" duration="120000" range="7" radius="4" target="1" interval="1000" chance="5">
			<attribute key="shootEffect" value="poison" />
			<attribute key="areaEffect" value="greenbubble" />
		</attack>
		<attack name="lifedrain" min="-150" max="-400" length="8" spread="0"  interval="1000" chance="7">
			<attribute key="areaEffect" value="rednote" />
		</attack>
		<attack name="poison" min="-50" max="-500" length="8" spread="3" interval="1000" chance="6">
			<attribute key="areaEffect" value="poison" />
		</attack>
	</attacks>
	<defenses armor="38" defense="40">
		<defense name="healing" min="300" max="400" interval="2000" chance="10">
			<attribute key="areaEffect" value="blueshimmer" />
		</defense>
		<defense name="speed" speedchange="456" duration="3000" interval="2000" chance="12">
			<attribute key="areaEffect" value="redshimmer" />
		</defense>
	</defenses>
	<immunities>
		<immunity outfit="1" />
		<immunity lifedrain="1" />
		<immunity paralyze="1" />
		<immunity poison="1" />
		<immunity invisible="1" />
	</immunities>
	<voices interval="5000" chance="10">
		<voice sentence="Ssssolus for the one" />
		<voice sentence="HISSSS" yell="1" />
		<voice sentence="Tsssse one will risssse again" />
		<voice sentence="I bring you deathhhh, mortalssss" />
	</voices>
</monster>