<?xml version="1.0" encoding="UTF-8"?>
<monster name="The Dark Dancer" nameDescription="the dark dancer" race="blood" experience="435" speed="170" manacost="0">
	<health now="855" max="855" />
	<look type="58" corpse="2118" />
	<targetchange interval="1000" chance="5" />
	<targetstrategy nearest="70" weakest="15" mostdamage="15" random="0" />
	<script>
        <event name="arena"/>
	</script>
	<flags>
		<flag summonable="0" />
		<flag attackable="1" />
		<flag hostile="1" />
		<flag illusionable="0" />
		<flag convinceable="0" />
		<flag pushable="0" />
		<flag canpushitems="1" />
		<flag targetdistance="1" />
	</flags>
	<attacks>
		<attack name="poisoncondition" interval="2000" chance="0" skill="20" attack="30" />
		<attack name="physical" min="-60" max="-95" range="7" chance="5">
			<attribute key="areaEffect" value="mortarea" />
			<attribute key="shootEffect" value="death" />
		</attack>
		<attack name="physical" min="-60" max="-95" range="7" chance="7">
			<attribute key="areaEffect" value="mortarea" />
			<attribute key="shootEffect" value="death" />
		</attack>
		<attack name="speed" speedchange="-400" duration="20000" range="7" chance="10">
			<attribute key="areaEffect" value="redshimmer" />
		</attack>
		<attack name="manadrain" min="-20" max="-80" range="7" chance="7">
			<attribute key="areaEffect" value="redshimmer" />
		</attack>
	</attacks>
	<defenses armor="11" defense="12">
		<defense name="healing" min="75" max="125" interval="1000" chance="5">
			<attribute key="areaEffect" value="blueshimmer" />
		</defense>
		<defense name="invisible" interval="2000" chance="25" duration="5000">
			<attribute key="areaEffect" value="blueshimmer" />
		</defense>
	</defenses>
	<immunities>
		<immunity outfit="1" />
		<immunity drunk="1" />
		<immunity invisible="1" />
	</immunities>
	<summons maxSummons="3">
		<summon name="Ghoul" interval="2000" chance="20" />
	</summons>
	<voices interval="5000" chance="5">
		<voice sentence="I hope you like my voice!" />
	</voices>
</monster>
